OrderID,Product,Quantity,Price,Customer
1,Thingamajig,5.0,120.3,eve
2,Widget,15.0,82.81,alice
3,Thingamajig,3.0,15.68,georgia
4,Thingamajig,25.0,70.36,charlie
5,Widget,3.0,161.56,frank
6,Widget,15.0,5.9,eve
7,Thingamajig,30.0,70.03,eve
9,Thingamajig,3.0,109.79,eve
11,Thingamajig,15.0,72.54,alice
18,Gadget,25.0,39.4,bob
19,Gadget,30.0,102.18,hannah
20,Gadget,30.0,86.69,charlie
22,Widget,10.0,75.67,frank
23,Gadget,100.0,118.21,bob
24,Gadget,3.0,128.29,alice
25,Widget,2.0,7.55,bob
26,Widget,30.0,134.39,eve
27,Widget,25.0,39.72,alice
28,Thingamajig,20.0,192.41,georgia
30,Thingamajig,30.0,85.85,hannah
31,Gadget,20.0,21.64,georgia
32,Thingamajig,15.0,199.39,charlie
33,Gadget,15.0,102.93,bob
34,Gadget,100.0,121.1,georgia
36,Gadget,2.0,151.24,frank
37,Thingamajig,10.0,45.93,david
38,Thingamajig,100.0,180.12,georgia
39,Widget,5.0,45.0,hannah
40,Thingamajig,10.0,42.18,frank
42,Thingamajig,25.0,97.05,david
44,Widget,5.0,17.81,bob
45,Widget,100.0,156.23,bob
49,Gadget,100.0,83.15,bob
50,Gadget,3.0,114.13,eve
52,Widget,30.0,40.48,georgia
53,Gadget,30.0,173.05,hannah
55,Gadget,3.0,77.8,hannah
57,Thingamajig,20.0,130.58,eve
59,Thingamajig,30.0,9.95,frank
60,Thingamajig,5.0,35.45,georgia
64,Gadget,3.0,48.28,georgia
70,Widget,10.0,39.82,bob
71,Thingamajig,25.0,132.29,alice
72,Gadget,2.0,51.45,bob
73,Gadget,10.0,24.39,hannah
74,Gadget,100.0,52.42,georgia
75,Gadget,15.0,145.84,hannah
76,Gadget,100.0,171.86,alice
77,Gadget,30.0,166.89,david
81,Thingamajig,15.0,62.16,frank
84,Widget,15.0,21.67,alice
85,Widget,5.0,45.54,charlie
88,Widget,5.0,118.69,frank
90,Widget,20.0,179.07,hannah
91,Widget,25.0,164.4,eve
93,Widget,10.0,55.59,bob
94,Thingamajig,15.0,79.04,frank
95,Widget,100.0,120.11,david
96,Widget,100.0,57.27,bob
98,Thingamajig,3.0,84.84,hannah
102,Thingamajig,30.0,189.95,alice
103,Thingamajig,2.0,153.9,alice
104,Widget,100.0,32.32,alice
106,Thingamajig,2.0,100.05,eve
108,Thingamajig,15.0,160.97,eve
109,Widget,2.0,87.92,eve
110,Gadget,30.0,9.38,georgia
112,Gadget,5.0,110.62,charlie
113,Widget,30.0,128.53,david
114,Thingamajig,2.0,55.29,bob
115,Widget,30.0,32.17,eve
117,Widget,20.0,196.96,frank
121,Widget,25.0,8.59,frank
122,Thingamajig,5.0,183.29,bob
125,Thingamajig,10.0,58.44,alice
126,Widget,25.0,113.06,georgia
128,Widget,15.0,166.8,eve
132,Widget,100.0,180.5,frank
133,Widget,20.0,175.41,frank
135,Thingamajig,15.0,122.1,alice
136,Thingamajig,25.0,134.68,eve
137,Gadget,20.0,39.2,georgia
138,Thingamajig,30.0,183.31,alice
139,Thingamajig,2.0,86.66,david
140,Widget,20.0,79.71,bob
142,Thingamajig,15.0,14.16,georgia
143,Gadget,3.0,37.43,eve
144,Gadget,2.0,148.92,charlie
145,Widget,10.0,21.15,david
146,Thingamajig,100.0,122.61,eve
147,Thingamajig,10.0,52.84,alice
148,Thingamajig,20.0,80.91,alice
151,Gadget,15.0,145.21,alice
152,Widget,30.0,62.94,charlie
153,Thingamajig,25.0,115.45,david
154,Thingamajig,100.0,97.83,frank
157,Thingamajig,10.0,147.85,charlie
158,Widget,10.0,46.91,hannah
159,Widget,20.0,11.08,frank
160,Thingamajig,25.0,56.14,frank
162,Thingamajig,10.0,15.03,bob
163,Gadget,15.0,101.79,frank
165,Gadget,100.0,70.18,charlie
167,Gadget,10.0,25.79,bob
168,Widget,15.0,19.65,hannah
169,Widget,15.0,147.0,hannah
170,Gadget,100.0,101.62,bob
172,Gadget,15.0,89.79,david
174,Gadget,15.0,164.72,eve
175,Thingamajig,15.0,160.89,bob
176,Widget,15.0,140.47,alice
177,Thingamajig,30.0,58.07,david
178,Gadget,30.0,120.09,eve
180,Widget,10.0,22.86,hannah
181,Widget,15.0,183.88,eve
182,Thingamajig,25.0,31.68,georgia
185,Widget,5.0,41.1,georgia
186,Widget,10.0,110.67,charlie
187,Thingamajig,10.0,175.22,hannah
188,Thingamajig,2.0,147.78,georgia
189,Gadget,20.0,162.28,frank
191,Widget,2.0,139.99,bob
193,Widget,30.0,53.69,charlie
194,Widget,30.0,100.44,charlie
195,Thingamajig,20.0,48.14,eve
196,Gadget,100.0,197.6,eve
197,Thingamajig,100.0,189.09,georgia
202,Gadget,10.0,115.75,eve
205,Gadget,15.0,141.0,alice
207,Gadget,25.0,185.26,charlie
208,Thingamajig,10.0,194.36,charlie
209,Widget,3.0,189.13,georgia
210,Widget,15.0,97.47,david
211,Widget,15.0,173.1,eve
212,Widget,20.0,169.69,eve
215,Gadget,3.0,12.22,bob
216,Gadget,100.0,121.27,frank
218,Thingamajig,20.0,28.51,david
219,Widget,100.0,20.01,hannah
220,Widget,20.0,140.78,eve
225,Widget,20.0,110.2,georgia
226,Gadget,5.0,159.19,david
228,Thingamajig,100.0,127.05,hannah
229,Thingamajig,10.0,177.77,hannah
230,Thingamajig,2.0,125.09,bob
233,Thingamajig,30.0,174.67,bob
235,Widget,10.0,175.57,alice
236,Gadget,15.0,108.14,eve
237,Gadget,5.0,188.12,david
238,Gadget,30.0,160.76,bob
239,Thingamajig,2.0,199.6,alice
240,Thingamajig,10.0,73.39,frank
241,Widget,30.0,154.6,charlie
244,Gadget,5.0,127.36,david
245,Widget,2.0,175.37,bob
247,Thingamajig,20.0,154.81,eve
248,Thingamajig,100.0,86.46,georgia
249,Gadget,15.0,87.16,georgia
250,Thingamajig,20.0,148.83,georgia
256,Thingamajig,3.0,50.55,hannah
257,Gadget,3.0,13.21,david
259,Thingamajig,100.0,197.61,david
261,Widget,5.0,79.94,georgia
262,Gadget,2.0,137.53,frank
264,Thingamajig,2.0,190.24,david
269,Gadget,20.0,189.22,charlie
270,Widget,30.0,96.14,eve
273,Widget,15.0,198.28,frank
274,Gadget,15.0,50.18,eve
275,Widget,20.0,188.83,frank
277,Thingamajig,30.0,123.51,alice
278,Thingamajig,100.0,104.97,bob
279,Widget,15.0,49.98,alice
280,Widget,100.0,39.42,georgia
281,Thingamajig,10.0,47.99,bob
282,Thingamajig,15.0,41.36,hannah
283,Thingamajig,25.0,157.02,bob
285,Widget,30.0,16.28,eve
286,Thingamajig,20.0,193.98,bob
287,Widget,10.0,177.34,hannah
288,Gadget,30.0,185.91,hannah
290,Thingamajig,25.0,38.91,alice
291,Gadget,30.0,82.27,bob
292,Widget,25.0,152.86,charlie
293,Thingamajig,25.0,140.72,eve
294,Widget,100.0,35.01,david
295,Widget,2.0,164.09,bob
297,Gadget,10.0,48.64,charlie
298,Gadget,30.0,109.71,david
299,Gadget,5.0,120.62,david
300,Gadget,10.0,118.12,georgia
301,Thingamajig,2.0,22.84,bob
302,Widget,10.0,176.1,alice
304,Widget,5.0,300.0,charlie
305,Widget,2.0,178.31,david
306,Gadget,100.0,191.35,bob
307,Widget,30.0,173.11,alice
309,Thingamajig,3.0,132.77,bob
310,Widget,2.0,112.42,eve
311,Widget,20.0,21.96,georgia
312,Thingamajig,30.0,84.65,alice
314,Gadget,2.0,55.65,david
316,Gadget,3.0,101.7,alice
318,Gadget,3.0,47.94,eve
321,Widget,20.0,170.99,hannah
322,Thingamajig,30.0,101.55,eve
323,Gadget,100.0,98.71,georgia
326,Gadget,25.0,72.82,georgia
327,Widget,3.0,137.21,hannah
328,Gadget,15.0,115.32,charlie
330,Thingamajig,30.0,176.33,alice
331,Widget,3.0,160.5,frank
332,Widget,25.0,133.4,eve
333,Widget,10.0,170.86,eve
335,Thingamajig,100.0,143.13,frank
336,Widget,30.0,168.22,alice
339,Widget,10.0,125.63,charlie
340,Gadget,5.0,151.78,georgia
341,Widget,25.0,35.93,eve
342,Gadget,5.0,176.77,bob
343,Thingamajig,30.0,175.01,charlie
345,Widget,25.0,166.03,frank
346,Widget,20.0,30.13,eve
347,Widget,5.0,70.35,georgia
348,Gadget,100.0,149.98,alice
349,Widget,20.0,36.35,alice
350,Thingamajig,2.0,164.5,charlie
351,Thingamajig,2.0,167.27,georgia
352,Widget,10.0,103.96,hannah
355,Widget,30.0,125.3,charlie
356,Thingamajig,25.0,196.33,david
357,Widget,15.0,128.2,bob
358,Thingamajig,100.0,55.66,frank
360,Widget,30.0,110.3,hannah
361,Gadget,20.0,157.07,georgia
363,Gadget,2.0,153.4,frank
365,Thingamajig,100.0,192.78,hannah
366,Gadget,15.0,71.67,eve
367,Gadget,25.0,128.36,alice
368,Thingamajig,10.0,186.75,david
369,Gadget,15.0,24.99,charlie
370,Thingamajig,100.0,187.76,alice
371,Gadget,15.0,139.14,hannah
372,Thingamajig,100.0,18.23,alice
373,Thingamajig,100.0,63.69,charlie
374,Gadget,3.0,143.09,frank
375,Gadget,5.0,18.13,alice
377,Widget,2.0,72.45,david
378,Widget,3.0,126.08,eve
379,Widget,25.0,13.92,alice
383,Widget,2.0,151.18,eve
384,Gadget,15.0,30.37,david
387,Thingamajig,100.0,9.31,eve
388,Gadget,20.0,68.1,hannah
389,Widget,5.0,100.29,frank
392,Thingamajig,5.0,91.95,charlie
394,Widget,100.0,199.44,david
396,Gadget,2.0,93.02,bob
399,Thingamajig,25.0,140.27,frank
402,Gadget,2.0,137.7,david
403,Thingamajig,30.0,132.63,bob
406,Thingamajig,15.0,34.46,charlie
407,Widget,100.0,89.31,bob
408,Gadget,30.0,189.01,georgia
409,Thingamajig,100.0,86.85,frank
410,Gadget,5.0,129.51,david
412,Gadget,5.0,58.47,frank
413,Gadget,10.0,196.88,david
414,Gadget,5.0,84.82,bob
415,Gadget,10.0,179.35,david
417,Gadget,10.0,46.56,eve
418,Gadget,30.0,11.07,eve
419,Thingamajig,100.0,132.08,georgia
426,Thingamajig,100.0,156.44,frank
427,Gadget,20.0,155.33,alice
428,Widget,2.0,169.73,georgia
429,Gadget,30.0,153.4,hannah
430,Thingamajig,15.0,127.11,david
431,Thingamajig,3.0,30.59,alice
434,Gadget,20.0,125.25,hannah
437,Thingamajig,5.0,27.88,hannah
438,Widget,10.0,29.41,frank
439,Thingamajig,15.0,138.69,eve
440,Thingamajig,25.0,88.91,georgia
441,Gadget,10.0,44.1,david
442,Thingamajig,25.0,100.86,charlie
444,Widget,2.0,118.48,frank
445,Gadget,100.0,300.0,eve
446,Widget,3.0,160.52,david
448,Thingamajig,10.0,93.77,hannah
452,Widget,20.0,98.59,frank
453,Gadget,15.0,122.0,eve
454,Gadget,2.0,61.87,david
456,Thingamajig,25.0,172.72,frank
461,Widget,10.0,52.2,alice
462,Widget,2.0,197.4,eve
468,Gadget,15.0,6.91,eve
472,Gadget,15.0,73.37,georgia
473,Thingamajig,15.0,11.47,bob
476,Widget,30.0,30.88,alice
478,Gadget,25.0,139.45,bob
479,Widget,30.0,161.11,charlie
480,Thingamajig,25.0,44.03,alice
481,Widget,20.0,37.66,alice
482,Gadget,2.0,25.39,alice
484,Gadget,3.0,142.76,charlie
487,Gadget,100.0,15.13,georgia
488,Widget,10.0,110.55,bob
489,Thingamajig,3.0,143.27,david
490,Widget,10.0,174.84,bob
491,Gadget,25.0,144.25,georgia
492,Gadget,10.0,161.34,frank
495,Gadget,20.0,20.62,charlie
496,Gadget,15.0,179.49,georgia
498,Widget,2.0,164.37,david
500,Thingamajig,3.0,130.5,david
502,Gadget,100.0,147.66,david
503,Thingamajig,100.0,20.92,georgia
507,Widget,2.0,175.0,bob
508,Thingamajig,30.0,47.75,eve
509,Gadget,5.0,195.29,charlie
511,Thingamajig,5.0,40.51,hannah
512,Gadget,3.0,158.99,bob
515,Widget,100.0,113.3,frank
516,Widget,25.0,145.24,charlie
517,Thingamajig,10.0,49.55,hannah
518,Thingamajig,15.0,199.29,georgia
520,Thingamajig,3.0,131.81,frank
521,Widget,10.0,43.91,alice
522,Widget,5.0,137.64,georgia
523,Gadget,100.0,19.08,eve
524,Thingamajig,20.0,10.98,charlie
525,Widget,30.0,55.25,bob
528,Gadget,30.0,146.8,charlie
529,Gadget,10.0,149.83,bob
530,Widget,100.0,87.97,frank
531,Thingamajig,100.0,72.46,david
532,Gadget,5.0,77.35,bob
533,Thingamajig,2.0,197.59,hannah
534,Thingamajig,5.0,12.82,bob
535,Widget,2.0,174.07,alice
536,Gadget,2.0,117.84,bob
537,Widget,15.0,90.53,alice
538,Gadget,5.0,146.43,eve
540,Gadget,20.0,175.32,alice
544,Widget,5.0,120.51,alice
545,Thingamajig,5.0,182.91,frank
549,Widget,15.0,147.96,eve
550,Thingamajig,5.0,30.66,david
553,Widget,2.0,40.04,alice
555,Widget,100.0,194.42,alice
556,Gadget,2.0,40.29,eve
557,Widget,3.0,171.61,eve
558,Widget,30.0,100.99,bob
561,Thingamajig,30.0,91.83,bob
562,Gadget,2.0,300.0,david
563,Widget,20.0,75.05,alice
565,Thingamajig,10.0,36.89,david
566,Gadget,2.0,81.26,eve
571,Thingamajig,5.0,155.83,hannah
573,Thingamajig,15.0,194.12,eve
575,Gadget,15.0,51.03,frank
577,Widget,30.0,38.1,bob
578,Gadget,10.0,106.36,eve
580,Gadget,30.0,166.63,georgia
582,Thingamajig,100.0,53.5,hannah
584,Widget,2.0,142.82,charlie
585,Widget,25.0,37.57,frank
586,Widget,100.0,37.69,bob
588,Widget,3.0,148.6,georgia
589,Thingamajig,10.0,134.44,charlie
590,Gadget,15.0,97.55,georgia
592,Thingamajig,30.0,162.11,eve
593,Gadget,5.0,119.14,charlie
595,Widget,3.0,45.14,bob
596,Widget,25.0,26.82,alice
597,Thingamajig,10.0,57.6,bob
599,Thingamajig,3.0,108.58,charlie
265,Gadget,25.0,158.34,hannah
